问题,答案,分类,标签
沈阳半包/大包/全案的价格区间分别是多少?,"半包(包人工+辅材,主材用户买):经济 350-450 元/平、中端 450-600 元/平、高端 600-900 元/平、豪华 900-1300 元/平;大包/全包(人工+辅材+主材都包):经济 700-1200 元/平、中端 1200-2000 元/平、高端 2000-3500 元/平、豪华 3500-5000 元/平;全案设计(私人定制,一房一价)。数据来源:2026 Q1 沈阳市场调研,数据有 ±15% 浮动,签约前必须量房确认。",沈阳装修价格基准,"价格,半包,大包,全案,经济,中端,高端,豪华"
全屋定制一般多少钱?,"全屋定制是主材类,通常 800-2000 元/平投影面积(按展开面积算 300-800 元/平)。品牌差异大:欧派/索菲亚/志邦 等一线品牌 1500-2500 元/平投影,二三线品牌 800-1500 元/平。半包不含全屋定制,需要单独采购或在大包/全案场景下讨论。",沈阳装修价格基准,"价格,全屋定制"
沈阳水电改造大概多少钱?,"按 2026 Q1 沈阳行情:90 平左右半包水电改造 8000-15000 元,主要看改电量(全改 vs 断点改)和点位数量。沈阳报价一般按米数算:水管 35-50 元/米,电线 20-35 元/米,弱电(网线/电视线) 15-25 元/米。签合同前要明确'全改'还是'断点改',避免后期增项。",沈阳装修价格基准,"价格,水电,水电改造"
瓦工贴瓷砖人工费多少?,"沈阳 2026 行情:普通 800*800 瓷砖铺贴人工 35-50 元/平(不含瓷砖),大板瓷砖(900*1800 等)80-150 元/平,异型/拼花/斜铺 加 30-50%。瓷砖本身 100-500 元/平不等(品牌/规格)。注意:'瓷砖胶铺贴'和'水泥砂浆铺贴'价格不同,大板必须用瓷砖胶。",沈阳装修价格基准,"价格,瓦工,瓷砖"
沈阳木工/吊顶价格?,"木工分项:石膏板吊顶 120-180 元/平(直线吊顶),造型吊顶 200-350 元/平;现场打柜体 800-1500 元/延米(按投影),定制柜体另算。沈阳市场主流:客餐厅吊顶 + 卧室找平 + 衣柜,90 平大约 1.5-3 万(中端)。",沈阳装修价格基准,"价格,木工,吊顶"
沈阳装修开工前要办什么手续?,"1. 物业办理装修许可证(带身份证/房产证/装修合同,押金 1000-3000 元) 2. 缴纳装修垃圾清运费(沈阳一般 5-15 元/平) 3. 公示装修时间(一般 8:00-12:00, 14:00-18:00,周末可放宽) 4. 业主和装修公司签正式合同 5. 办理工人出入证。",沈阳装修流程与规定,"流程,开工,物业"
水电改造的施工顺序和验收要点?,"顺序:弹线定位 → 开槽 → 布管穿线 → 打压测试(水管 0.6MPa 保压 30 分钟不掉压) → 拍照存档 → 封槽。验收要点:1)强电弱电分管分槽 2)线管间距 ≥ 10mm 3)水管走顶不走地(便于检修) 4)打压测试现场陪同 5)拍照/视频存档,后期安装避开管线。",沈阳装修流程与规定,"流程,水电,验收"
防水怎么做?哪些地方必须做?,"必须做防水的区域:卫生间(全墙 1.8m)、厨房(地上翻 30cm + 洗菜区 1.2m)、阳台(地上翻 30cm)。施工:1)基层清理干净 2)刷防水涂料 2-3 遍(JS 聚合物或聚氨酯) 3)每遍干透后再刷下一遍 4)闭水试验 48 小时,楼下无渗漏为合格。",沈阳装修流程与规定,"流程,瓦工,防水"
沈阳一套 90 平房子装修大概多久?,"正常工期(工人充足、流程顺畅):90 平半包中端 60-90 天,大包 75-110 天;加全屋定制/软装 顺延 30-45 天。影响工期的主要因素:1)设计方案确定速度 2)主材到位时间 3)节假日沈阳工人返乡(春节/中秋) 4)工序衔接(等干透/等货)。建议合同里写明'延期一天扣多少钱'。",沈阳装修流程与规定,"流程,工期,施工"
装修尾款什么时候结?,"标准分 4 期:开工付 30%、水电完工 30%、泥木完工 30%、竣工验收合格后 10%。**尾款 10% 必须留到竣工验收合格后**,验收不合格不要签字。验收时重点:1)实测面积核对 2)水电位置拍照 3)瓷砖空鼓率 ≤ 5% 4)门窗/柜体/五金件试用 5)空气质量检测(CMA 报告)。",沈阳装修流程与规定,"流程,验收,尾款"
沈阳买瓷砖去哪里?,"主流:1) 居然之家/红星美凯龙(浑南/铁西,品牌全,价格中等偏上) 2) 东北陶瓷城(沈河,性价比高,杂牌多) 3) 香江家居(于洪,中端为主) 4) 装修公司展厅(选主材方便但价格略高)。建议:瓷砖分为主砖 + 加工砖(倒角/拼花),分开报价,自己买主砖、装修公司做加工更省钱。",沈阳主流建材市场与价格,"市场,建材,瓷砖"
沈阳板材哪里买?,"板材主要看环保等级:E0/E1/ENF。建议:1) 兔宝宝/莫干山/千年舟(品牌板,价格中,质量稳定) 2) 沈阳本地木材市场(铁西,价格低,质量参差) 3) 直接找品牌授权工厂店(价格比门店低 20-30%)。注意:**别贪便宜买杂牌 E0 板,实际可能 E2 都不到**。装修公司包的主材,务必看品牌+型号+批次检测报告。",沈阳主流建材市场与价格,"市场,木材,板材"
装修最容易踩的坑是什么?,TOP 3 增项坑:1) 水电按实际结算(签 8000 实收 18000) 2) 瓷砖胶/找平/防水/美缝 单价没含 3) 垃圾清运费/上楼费/保护费 漏项。**防坑三招**:1) 合同写'总价包干'不超预算 ±5% 2) 增项必须书面签字 3) 报价单逐项核对(每项问'含什么不含什么')。,沈阳装修避坑指南,"避坑,报价,增项"
装修合同怎么签才不被坑?,"必看 6 项:1) **总价包干 vs 按实结算**(包干省心但单价可能虚高) 2) **付款节奏**(不要一次性 50%+,标准是 30/30/30/10) 3) **材料明细**(品牌+型号+数量+单价) 4) **工期与违约**(延期一天扣多少写清楚) 5) **保修条款**(基础工程 2 年,防水 5 年) 6) **增项条款**(必须业主书面签字才生效,口头不算)。",沈阳装修避坑指南,"避坑,合同,付款"
怎么选装修公司?,"三看三不看:**看**:1) 工地现场(看施工水平,看材料真伪) 2) 报价透明度(逐项问含什么不含什么) 3) 已完工客户(回访 2-3 家);**不看**:1) 装修公司大不大(大公司也分包给工长) 2) 样板间多不多(专门给客户看的) 3) 设计师帅不帅(设计师 ≠ 施工水平)。沈阳地区:东易日盛/方林/晋级/创典 等是常见选择,但**主要看具体工长**。",沈阳装修避坑指南,"避坑,装修公司,选择"
装修完多久能入住?,"理论上 3-6 个月,实际看情况:1) 通风条件(南北通透快 1-2 月,小户型慢) 2) 装修材料环保等级(E0/ENF 可缩短,普通 E1 至少 3 月) 3) 入住前必做 CMA 空气质量检测(甲醛 ≤ 0.07 mg/m³,TVOC ≤ 0.45 mg/m³),数据合格才能住。**有孕妇/小孩/老人/过敏体质的家庭,建议空置 6 个月以上 + 新风系统**。",沈阳装修避坑指南,"避坑,主材,环保"
低价套餐能不能选?,"**慎选**。低价套餐(688/平、888/平)常见套路:1) 主材品牌低配/型号不详 2) 面积按建筑面积(公摊 25-30% 都算钱) 3) 不含拆改/水电/防水/美缝 4) 增项漏项多 5) 工期拖沓。**签约前要问**:实际套内面积多少?主材具体品牌型号?每平含哪些分项?**如果不能给你明确清单,别签**。",沈阳装修避坑指南,"避坑,套餐,低价"
为什么装修公司报价差别这么大?,"同 90 平半包,不同装修公司报价能从 3 万到 7 万,核心差别:1) **是否含水电**(包干 vs 按实) 2) **主辅材品牌**(国产 vs 一线) 3) **工艺标准**(普通 vs 欧标) 4) **管理费/设计费占比**(5%-15%) 5) **公司规模**(大公司营销成本高)。**不要只看总价,要按'同口径'比**:把每家公司报价单展开成同一格式,逐项对比。",沈阳装修价格基准,"价格,增项,套餐"
装修前量房是免费的吗?,"正规装修公司量房免费(可同时让 2-3 家量,横向对比)。量房时必看:1) 房间长宽高实测 2) 窗户/门洞位置/尺寸 3) 水电点位现状 4) 卫生间/厨房/阳台 防水情况 5) 承重墙/梁位置(不能拆)。**量房后给到的报价单才有意义**,没量房的报价都是'估算',可能跟实际差 30-50%。",沈阳装修流程与规定,"流程,量房,报价"
装修出问题怎么维权?,"1) **协商**:与施工方/工长直接沟通(保留微信记录) 2) **12315 平台**:辽宁省 12315 平台 / 全国 12315 平台小程序 3) **消协**:沈阳市消费者协会 4) **法院起诉**:合同纠纷,管辖地是被告所在地或合同履行地。**关键证据**:合同/报价单/付款凭证/微信记录/现场照片/视频。建议从装修第一天就建立'装修档案文件夹'存所有凭证。",沈阳装修避坑指南,"避坑,保修,维权"
水电改造按米数'实报实销'为什么是大坑?,"**核心机制**:**按'米'算费 = 施工方有动机拉高米数 = 收费虚高**。具体虚高手段:1) 故意绕路(原本可以走直线 12 米的线路,绕弯走 20 米)2) 重复走线(同一段管路包两遍)3) 多算米数(测量时虚报)。**反虚高措施**:1) 合同写'**水电总价包干**'或'单价 × 预估米数 × 上下浮动 ≤ 10%' 2) **实测米数 + 业主在场确认**(米数表逐段核对)3) 写明'非故意绕路'违约责任 4) 验收时**打压测试 + 拍照存档**管路走向。**沈阳行情**:水管 35-50 元/米,电线 20-35 元/米,弱电 15-25 元/米(2026 Q1)。",沈阳装修避坑指南,"避坑,水电,水电改造,米数,虚高"
全屋定制怎么报价?为什么投影报价不准确?,"**全屋定制分两阶段报价(2026 Q1 行情)**:**第一阶段:初步接触(投影报价,估算)**:用**投影报价方案** = 柜体长度 × 柜体高度 × 每投影单价价格。**投影报价不涵盖**:1) 大五金(铰链/导轨/拉手) 2) 灯具 3) 变压器 4) 金属玻璃门 5) 定制榻榻米垫子 6) 石材台板。**第二阶段:现场测量+需求确认后(详细分项,合同价)**:1) 实际尺寸精确测量 2) 业主需求(风格/收纳/电器嵌入)确认 3) 产品标准(品牌/质地/工艺/环保度)约定 4) 出详细分项清单。**反坑要点**:**别只看投影报价就签合同**,必须让商家出详细分项清单。**沈阳投影单价参考**(2026 Q1):一线品牌(欧派/索菲亚/志邦)1500-2500 元/平,二三线品牌 800-1500 元/平。",沈阳装修避坑指南,"避坑,全屋定制,主材,投影报价"
